USN,Error
1pi12cs029,Could not process image/var/www/html/REAP/imageProcessing/inputScannedImages/1pi12cs029/doc01794820160309104250_001.jpg
1pi12cs029,Could not process image/var/www/html/REAP/imageProcessing/inputScannedImages/1pi12cs029/doc01795020160309104344_001.jpg
1pi12cs029,Could not process image/var/www/html/REAP/imageProcessing/inputScannedImages/1pi12cs029/doc01794920160309104316_001.jpg
1pi12cs107,Could not process image/var/www/html/REAP/imageProcessing/inputScannedImages/1pi12cs107/doc01793920160309103812_001.jpg
1pi12cs107,Could not process image/var/www/html/REAP/imageProcessing/inputScannedImages/1pi12cs107/doc01793720160309103646_001.jpg
1pi12cs107,Could not process image/var/www/html/REAP/imageProcessing/inputScannedImages/1pi12cs107/doc01793620160309103617_001.jpg
1pi12cs015,Could not process image/var/www/html/REAP/imageProcessing/inputScannedImages/1pi12cs015/doc01796120160309104856_001.jpg
1pi12cs103,Could not process image/var/www/html/REAP/imageProcessing/inputScannedImages/1pi12cs103/doc01757520160226104144_001.jpg
1pi12cs105,Could not process image/var/www/html/REAP/imageProcessing/inputScannedImages/1pi12cs105/doc01793520160309103530_001.jpg
1pi12cs105,Could not process image/var/www/html/REAP/imageProcessing/inputScannedImages/1pi12cs105/doc01793320160309103423_001.jpg
1pi12cs101,Could not process image/var/www/html/REAP/imageProcessing/inputScannedImages/1pi12cs101/1.jpg
1pi12cs028,Could not process image/var/www/html/REAP/imageProcessing/inputScannedImages/1pi12cs028/doc01759320160226104923_001.jpg
1pi12cs028,Could not process image/var/www/html/REAP/imageProcessing/inputScannedImages/1pi12cs028/doc01759120160226104837_001.jpg
1pi12cs030,Could not process image/var/www/html/REAP/imageProcessing/inputScannedImages/1pi12cs030/doc01795920160309104757_001.jpg
1pi12cs030,Could not process image/var/www/html/REAP/imageProcessing/inputScannedImages/1pi12cs030/doc01795620160309104646_001.jpg
1pi12cs030,Could not process image/var/www/html/REAP/imageProcessing/inputScannedImages/1pi12cs030/doc01795520160309104616_001.jpg
1pi12cs104,Could not process image/var/www/html/REAP/imageProcessing/inputScannedImages/1pi12cs104/doc01792720160309102936_001.jpg
1pi12cs104,Could not process image/var/www/html/REAP/imageProcessing/inputScannedImages/1pi12cs104/doc01792920160309103122_001.jpg
1pi12cs104,Could not process image/var/www/html/REAP/imageProcessing/inputScannedImages/1pi12cs104/doc01792520160309102642_001.jpg
1pi12cs104,Could not process image/var/www/html/REAP/imageProcessing/inputScannedImages/1pi12cs104/doc01792820160309103050_001.jpg
1pi12cs102,Could not process image/var/www/html/REAP/imageProcessing/inputScannedImages/1pi12cs102/3.jpg
